actual,predicted,probability_positive
0,0,5.888241860705877e-08
1,1,0.9999886648327754
0,0,0.006410824621133234
1,1,0.5335085370142438
0,0,6.525000972291333e-10
1,1,0.9921603983727207
1,1,0.9999828253201191
0,0,5.635274944234459e-07
0,0,5.431636920828182e-05
0,0,8.041849405830175e-11
1,1,0.9891785555404186
0,0,0.001332418702376055
1,1,0.9987037765522446
0,0,2.6059246718399216e-05
0,0,0.00027622462737578304
1,1,0.9016323538564961
1,0,0.36586185567299645
1,1,0.8349976501705094
1,1,0.9999661186861657
1,1,0.983017334788058
0,0,0.0016577192510988114
0,0,0.051739979719560895
1,1,0.9998078854134751
1,1,0.9991233236864488
1,1,0.9900102174102473
1,1,0.8674681623588414
0,0,4.835956685534782e-09
1,1,0.9904637838074868
1,1,0.9991698810184384
1,1,0.9989221691525602
1,1,0.9919129727317085
1,1,0.9999891428850275
1,1,0.9835273658142645
1,1,0.9692390797917172
0,0,5.375029946408293e-06
0,0,0.18798931064822783
1,1,0.9984514074026053
1,1,0.9710533249081865
1,1,0.6212626093643913
0,0,5.442644949648056e-06
1,1,0.9999446405141705
1,1,0.9998467298911189
1,1,0.9935366885845324
0,0,2.638309677229576e-08
0,0,0.0017122190929172987
1,1,0.707218502217024
1,1,0.9999989439230113
1,1,0.9998185805561802
1,1,0.9309106160079796
0,0,0.00026914277455833717
1,1,0.9996170173049784
1,1,0.5466385035898697
1,1,0.9993810522047603
0,1,0.9087281477593885
1,1,0.9337997743425869
1,1,0.9993282236414964
1,1,0.9999869961897195
0,0,0.006149323659738183
0,0,3.5106349970540465e-07
1,1,0.9520016322330764
1,1,0.9980071112866712
1,1,0.9999843611315139
1,1,0.9996364051229513
1,1,0.9733305284948476
0,0,6.858285323158263e-06
0,0,0.13313546061878145
1,1,0.5370457348247611
1,1,0.9976373284182262
1,1,0.9527315261415696
1,1,0.9165881472633114
1,1,0.9993339941944909
1,1,0.9924436340440494
1,1,0.999998308766134
0,0,0.00010597885881279129
0,0,0.00048447517936388355
0,0,4.134970676704574e-05
0,0,0.16417984710393344
1,1,0.999138383343705
1,1,0.9996642065056754
1,1,0.9884663525959183
1,1,0.8661497280023799
1,1,0.999859257004917
0,0,4.62039757894499e-06
1,1,0.9999366836885724
0,0,0.3518802627751296
1,1,0.9990827199026765
1,1,0.9870400099136597
1,1,0.9999843858717425
1,1,0.90226360212995
1,1,0.8928058252434331
1,1,0.9346311247455159
1,1,0.9747023235007061
0,0,6.302926803934535e-07
0,0,0.00013503435161758116
0,0,0.00046600541549481864
1,1,0.9999995798742092
0,0,2.9273374327854706e-05
1,1,0.9959804952781541
0,0,7.339550677829453e-07
1,1,0.9920191787143157
0,0,0.0005019810637819084
0,0,7.578683947074074e-09
0,0,0.0317235717375017
1,1,0.992223983918248
0,0,1.844066412862986e-13
0,0,1.6329965406653193e-23
1,1,0.9988283169215023
0,0,3.456563464887725e-05
1,1,0.9996726734072672
0,0,1.6231133938814805e-06
1,1,0.852045873483543
0,0,0.0006221232616019815
1,1,0.9081997788340195
1,1,0.9866880674659761
